tree	001
tree	002
tree	003
tree	004
tree	005
tree	006
tree	007
tree	008
tree	009
tree	010
tree	011
tree	012
tree	013
tree	014
tree	015
tree	016
tree	017
tree	018
tree	019
tree	020
tree	021
tree	022
tree	023
tree	024
tree	025
tree	026
tree	027
tree	028
tree	029
tree	030
tree	031
tree	032
tree	033
tree	034
tree	035
tree	036
tree	037
tree	038
tree	039
tree	040
tree	041
tree	042
tree	043
tree	044
tree	045
tree	046
tree	047
tree	048
tree	049
tree	050
tree	051
tree	052
tree	053
tree	054
tree	055
tree	056
tree	057
tree	058
tree	059
tree	060
tree	061
tree	062
tree	063
tree	064
tree	065
tree	066
tree	067
tree	068
tree	069
tree	070
tree	071
tree	072
tree	073
tree	074
tree	075
tree	076
tree	077
tree	078
tree	079
tree	080
tree	081
tree	082
tree	083
tree	084
tree	085
tree	086
tree	087
tree	088
tree	089
tree	090
tree	091
tree	092
tree	093
tree	094
tree	095
tree	096
tree	097
tree	098
tree	099
tree	100
tree	101
tree	102
tree	103
tree	104
tree	105
tree	106
tree	107
tree	108
tree	109
tree	110
tree	111
tree	112
tree	113
tree	114
tree	115
tree	116
tree	117
tree	118
tree	119
tree	120
tree	121
flysky	001
flysky	002
flysky	003
flysky	004
flysky	005
flysky	006
flysky	007
flysky	008
flysky	009
flysky	010
flysky	011
flysky	012
flysky	013
flysky	014
flysky	015
flysky	016
flysky	017
flysky	018
flysky	019
flysky	020
flysky	021
flysky	022
flysky	023
flysky	024
flysky	025
flysky	026
flysky	027
flysky	028
flysky	029
flysky	030
flysky	031
flysky	032
flysky	033
flysky	034
flysky	035
flysky	036
flysky	037
flysky	038
flysky	039
flysky	040
flysky	041
flysky	042
flysky	043
flysky	044
flysky	045
flysky	046
flysky	047
flysky	048
flysky	049
flysky	050
flysky	051
flysky	052
flysky	053
flysky	054
flysky	055
flysky	056
flysky	057
flysky	058
flysky	059
flysky	060
flysky	061
flysky	062
flysky	063
flysky	064
flysky	065
flysky	066
flysky	067
flysky	068
flysky	069
flysky	070
flysky	071
flysky	072
flysky	073
flysky	074
flysky	075
flysky	076
flysky	077
flysky	078
flysky	079
flysky	080
flysky	081
flysky	082
flysky	083
flysky	084
flysky	085
flysky	086
flysky	087
flysky	088
flysky	089
flysky	090
flysky	091
flysky	092
flysky	093
flysky	094
flysky	095
flysky	096
flysky	097
flysky	098
flysky	099
flysky	100
flysky	101
flysky	102
flysky	103
flysky	104
flysky	105
flysky	106
flysky	107
flysky	108
flysky	109
flysky	110
flysky	111
flysky	112
flysky	113
flysky	114
flysky	115
flysky	116
flysky	117
flysky	118
flysky	119
flysky	120
flysky	121
trans	001
trans	002
trans	003
trans	004
trans	005
trans	006
trans	007
trans	008
trans	009
trans	010
trans	011
trans	012
trans	013
trans	014
trans	015
trans	016
trans	017
trans	018
trans	019
trans	020
trans	021
trans	022
trans	023
trans	024
trans	025
trans	026
trans	027
trans	028
trans	029
trans	030
trans	031
trans	032
trans	033
trans	034
trans	035
trans	036
trans	037
trans	038
trans	039
trans	040
trans	041
trans	042
trans	043
trans	044
trans	045
trans	046
trans	047
trans	048
trans	049
trans	050
trans	051
trans	052
trans	053
trans	054
trans	055
trans	056
trans	057
trans	058
trans	059
trans	060
trans	061
trans	062
trans	063
trans	064
trans	065
trans	066
trans	067
trans	068
trans	069
trans	070
trans	071
trans	072
trans	073
trans	074
trans	075
trans	076
trans	077
trans	078
trans	079
trans	080
trans	081
trans	082
trans	083
trans	084
trans	085
trans	086
trans	087
trans	088
trans	089
trans	090
trans	091
trans	092
trans	093
trans	094
trans	095
trans	096
trans	097
trans	098
trans	099
trans	100
trans	101
trans	102
trans	103
trans	104
trans	105
trans	106
trans	107
trans	108
trans	109
trans	110
trans	111
trans	112
trans	113
trans	114
trans	115
trans	116
trans	117
trans	118
trans	119
trans	120
trans	121
plan	001
plan	002
plan	003
plan	004
plan	005
plan	006
plan	007
plan	008
plan	009
plan	010
plan	011
plan	012
plan	013
plan	014
plan	015
plan	016
plan	017
plan	018
plan	019
plan	020
plan	021
plan	022
plan	023
plan	024
plan	025
plan	026
plan	027
plan	028
plan	029
plan	030
plan	031
plan	032
plan	033
plan	034
plan	035
plan	036
plan	037
plan	038
plan	039
plan	040
plan	041
plan	042
plan	043
plan	044
plan	045
plan	046
plan	047
plan	048
plan	049
plan	050
plan	051
plan	052
plan	053
plan	054
plan	055
plan	056
plan	057
plan	058
plan	059
plan	060
plan	061
plan	062
plan	063
plan	064
plan	065
plan	066
plan	067
plan	068
plan	069
plan	070
plan	071
plan	072
plan	073
plan	074
plan	075
plan	076
plan	077
plan	078
plan	079
plan	080
plan	081
plan	082
plan	083
plan	084
plan	085
plan	086
plan	087
plan	088
plan	089
plan	090
plan	091
plan	092
plan	093
plan	094
plan	095
plan	096
plan	097
plan	098
plan	099
plan	100
plan	101
plan	102
plan	103
plan	104
plan	105
plan	106
plan	107
plan	108
plan	109
plan	110
plan	111
plan	112
plan	113
plan	114
plan	115
plan	116
plan	117
plan	118
plan	119
plan	120
plan	121
coda	001
coda	002
coda	003
coda	004
coda	005
coda	006
coda	007
coda	008
coda	009
coda	010
coda	011
coda	012
coda	013
coda	014
coda	015
coda	016
coda	017
coda	018
coda	019
coda	020
coda	021
coda	022
coda	023
coda	024
coda	025
coda	026
coda	027
coda	028
coda	029
coda	030
coda	031
coda	032
coda	033
coda	034
coda	035
coda	036
coda	037
coda	038
coda	039
coda	040
coda	041
coda	042
coda	043
coda	044
coda	045
coda	046
coda	047
coda	048
coda	049
coda	050
coda	051
coda	052
coda	053
coda	054
coda	055
coda	056
coda	057
coda	058
coda	059
coda	060
coda	061
coda	062
coda	063
coda	064
coda	065
coda	066
coda	067
coda	068
coda	069
coda	070
coda	071
coda	072
coda	073
coda	074
coda	075
coda	076
coda	077
coda	078
coda	079
coda	080
coda	081
coda	082
coda	083
coda	084
coda	085
coda	086
coda	087
coda	088
coda	089
coda	090
coda	091
coda	092
coda	093
renaissance	001
renaissance	002
renaissance	003
renaissance	004
renaissance	005
renaissance	006
renaissance	007
renaissance	008
renaissance	009
renaissance	010
renaissance	011
renaissance	012
renaissance	013
renaissance	014
renaissance	015
renaissance	016
renaissance	017
renaissance	018
renaissance	019
renaissance	020
renaissance	021
renaissance	022
renaissance	023
renaissance	024
renaissance	025
renaissance	026
renaissance	027
renaissance	028
renaissance	029
renaissance	030
renaissance	031
renaissance	032
renaissance	033
renaissance	034
renaissance	035
renaissance	036
renaissance	037
renaissance	038
renaissance	039
renaissance	040
renaissance	041
renaissance	042
renaissance	043
renaissance	044
renaissance	045
renaissance	046
renaissance	047
renaissance	048
renaissance	049
renaissance	050
renaissance	051
renaissance	052
renaissance	053
renaissance	054
renaissance	055
renaissance	056
renaissance	057
renaissance	058
renaissance	059
renaissance	060
renaissance	061
renaissance	062
renaissance	063
renaissance	064
renaissance	065
renaissance	066
renaissance	067
renaissance	068
renaissance	069
renaissance	070
renaissance	071
renaissance	072
renaissance	073
renaissance	074
renaissance	075
renaissance	076
renaissance	077
renaissance	078
renaissance	079
renaissance	080
renaissance	081
renaissance	082
renaissance	083
renaissance	084
renaissance	085
renaissance	086
renaissance	087
renaissance	088
renaissance	089
renaissance	090
renaissance	091
renaissance	092
renaissance	093
renaissance	094
renaissance	095
renaissance	096
renaissance	097
renaissance	098
renaissance	099
renaissance	100
renaissance	101
renaissance	102
renaissance	103
renaissance	104
renaissance	105
renaissance	106
renaissance	107
renaissance	108
renaissance	109
renaissance	110
renaissance	111
renaissance	112
renaissance	113
renaissance	114
renaissance	115
renaissance	116
renaissance	117
renaissance	118
renaissance	119
renaissance	120
renaissance	121
renaissance	122
renaissance	123
renaissance	124
renaissance	125
renaissance	126
renaissance	127
renaissance	128
renaissance	129
renaissance	130
renaissance	131
renaissance	132
renaissance	133
renaissance	134
renaissance	135
renaissance	136
renaissance	137
renaissance	138
renaissance	139
renaissance	140
renaissance	141
renaissance	142
renaissance	143
renaissance	144
renaissance	145
renaissance	146
renaissance	147
renaissance	148
renaissance	149
renaissance	150
renaissance	151
renaissance	152
renaissance	153
renaissance	154
renaissance	155
renaissance	156
renaissance	157
renaissance	158
renaissance	159
renaissance	160
renaissance	161
renaissance	162
renaissance	163
renaissance	164
renaissance	165
renaissance	166
renaissance	167
renaissance	168
renaissance	169
renaissance	170
renaissance	171
renaissance	172
renaissance	173
renaissance	174
renaissance	175
renaissance	176
renaissance	177
renaissance	178
renaissance	179
renaissance	180
renaissance	181
renaissance	182
renaissance	183
renaissance	184
renaissance	185
renaissance	186
renaissance	187
renaissance	188
renaissance	189
renaissance	190
renaissance	191
renaissance	192
renaissance	193
renaissance	194
renaissance	195
renaissance	196
renaissance	197
renaissance	198
renaissance	199
renaissance	200
renaissance	201
renaissance	202
renaissance	203
renaissance	204
renaissance	205
renaissance	206
renaissance	207
renaissance	208
renaissance	209
renaissance	210
renaissance	211
renaissance	212
renaissance	213
renaissance	214
renaissance	215
renaissance	216
renaissance	217
renaissance	218
renaissance	219
renaissance	220
renaissance	221
renaissance	222
renaissance	223
renaissance	224
renaissance	225
renaissance	226
renaissance	227
renaissance	228
renaissance	229
renaissance	230
renaissance	231
renaissance	232
renaissance	233
renaissance	234
renaissance	235
renaissance	236
renaissance	237
renaissance	238
renaissance	239
renaissance	240
renaissance	241
renaissance	242
renaissance	243
renaissance	244
renaissance	245
renaissance	246
renaissance	247
renaissance	248
renaissance	249
renaissance	250
renaissance	251
renaissance	252
renaissance	253
renaissance	254
renaissance	255
renaissance	256
renaissance	257
renaissance	258
renaissance	259
renaissance	260
renaissance	261
renaissance	262
renaissance	263
renaissance	264
renaissance	265
renaissance	266
renaissance	267
renaissance	268
renaissance	269
renaissance	270
renaissance	271
renaissance	272
renaissance	273
renaissance	274
renaissance	275
renaissance	276
renaissance	277
renaissance	278
renaissance	279
renaissance	280
renaissance	281
renaissance	282
renaissance	283
renaissance	284
renaissance	285
renaissance	286
renaissance	287
renaissance	288
renaissance	289
renaissance	290
renaissance	291
renaissance	292
renaissance	293
renaissance	294
renaissance	295
renaissance	296
renaissance	297
renaissance	298
renaissance	299
renaissance	300
renaissance	301
renaissance	302
renaissance	303
renaissance	304
renaissance	305
renaissance	306
renaissance	307
renaissance	308
renaissance	309
renaissance	310
renaissance	311
renaissance	312
renaissance	313
renaissance	314
renaissance	315
renaissance	316
renaissance	317
renaissance	318
renaissance	319
renaissance	320
renaissance	321
renaissance	322
renaissance	323
renaissance	324
renaissance	325
renaissance	326
renaissance	327
renaissance	328
renaissance	329
renaissance	330
renaissance	331
renaissance	332
renaissance	333
renaissance	334
renaissance	335
renaissance	336
renaissance	337
renaissance	338
renaissance	339
renaissance	340
renaissance	341
renaissance	342
renaissance	343
renaissance	344
renaissance	345
renaissance	346
renaissance	347
renaissance	348
renaissance	349
renaissance	350
renaissance	351
renaissance	352
renaissance	353
renaissance	354
renaissance	355
renaissance	356
renaissance	357
renaissance	358
renaissance	359
renaissance	360
renaissance	361
renaissance	362
